,File name,Snapshot
0,0_pg36-images-kf8,snapshot_3
1,11_Posts,snapshot_4
2,12_Posts,snapshot_7
3,15_Posts,snapshot_6
4,3_ptt5,snapshot_2
5,5_bible,snapshot_9
6,5_Posts,snapshot_9
7,9_Posts,snapshot_3
8,cp,snapshot_4
9,pablo-lopez-Om5SkJZXWsw-unsplash,snapshot_3
10,recha-oktaviani-5tYUk7sZzqc-unsplash,snapshot_8
11,kellen-riggin-sqPnlSKNZL4-unsplash,snapshot_1
12,nathan-lemon-FBiKcUw_sQw-unsplash,snapshot_1
13,pablo-lopez-Om5SkJZXWsw-unsplash,snapshot_1
14,patrick-tomasso-n-vxsHr9jZA-unsplash,snapshot_1
15,0_ptt5,snapshot_10
16,1_ptt5,snapshot_7
17,3_book2,snapshot_10
